{
"companyName": "DefaultCompany",
"productName": "0723_rendav3_Nori",
"productVersion": "0.1",
"dataUrl": "builds.data.unityweb",
"wasmCodeUrl": "builds.wasm.code.unityweb",
"wasmFrameworkUrl": "builds.wasm.framework.unityweb",
"graphicsAPI": ["WebGL 2.0","WebGL 1.0"],
"webglContextAttributes": {"preserveDrawingBuffer": false},
"splashScreenStyle": "Dark",
"backgroundColor": "#231F20",
"cacheControl": {"default": "must-revalidate"},
"developmentBuild": false,
"multithreading": false,
"unityVersion": "2019.4.4f1"
}